{"cameraMode":{"drawMode":0,"name":"Shaded","section":"Shading Mode"},"sceneLighting":true,"audioPlay":false,"sceneViewState":{"m_AlwaysRefresh":false,"showFog":true,"showSkybox":true,"showFlares":true,"showImageEffects":true,"showParticleSystems":true,"showVisualEffectGraphs":true,"m_FxEnabled":true},"in2DMode":false,"pivot":{"x":-1.0910851955413819,"y":-21.655471801757814,"z":6.537915229797363},"rotation":{"x":-0.08319910615682602,"y":0.1539282202720642,"z":-0.013008395209908486,"w":-0.9844895005226135},"size":0.8302102088928223,"orthographic":false}