{"cameraMode":{"drawMode":0,"name":"Shaded","section":"Shading Mode"},"sceneLighting":true,"audioPlay":false,"sceneViewState":{"m_AlwaysRefresh":false,"showFog":true,"showSkybox":true,"showFlares":true,"showImageEffects":true,"showParticleSystems":true,"showVisualEffectGraphs":true,"m_FxEnabled":true},"in2DMode":false,"pivot":{"x":444.69976806640627,"y":72.2157974243164,"z":10.012481689453125},"rotation":{"x":0.046235691756010059,"y":-0.07765734195709229,"z":0.0037417709827423097,"w":0.9961069226264954},"size":130.28347778320313,"orthographic":false}