{"cameraMode":{"drawMode":0,"name":"Shaded","section":"Shading Mode"},"sceneLighting":false,"audioPlay":false,"sceneViewState":{"m_AlwaysRefresh":false,"showFog":true,"showSkybox":true,"showFlares":true,"showImageEffects":true,"showParticleSystems":true,"showVisualEffectGraphs":true,"m_FxEnabled":true},"in2DMode":false,"pivot":{"x":187.6404571533203,"y":-197.94647216796876,"z":101.008544921875},"rotation":{"x":0.3623146414756775,"y":0.0035074790939688684,"z":0.001431976561434567,"w":0.9337056279182434},"size":502.17413330078127,"orthographic":false}