{"cameraMode":{"drawMode":0,"name":"Shaded","section":"Shading Mode"},"sceneLighting":true,"audioPlay":false,"sceneViewState":{"m_AlwaysRefresh":false,"showFog":true,"showSkybox":true,"showFlares":true,"showImageEffects":true,"showParticleSystems":true,"showVisualEffectGraphs":true,"m_FxEnabled":true},"in2DMode":false,"pivot":{"x":13.12531566619873,"y":0.5865210890769959,"z":16.091588973999025},"rotation":{"x":-0.05135415866971016,"y":-0.945684015750885,"z":0.18512685596942902,"w":-0.26243847608566286},"size":15.893935203552246,"orthographic":false}