{"cameraMode":{"drawMode":0,"name":"Shaded","section":"Shading Mode"},"sceneLighting":true,"audioPlay":false,"sceneViewState":{"m_AlwaysRefresh":false,"showFog":true,"showSkybox":true,"showFlares":true,"showImageEffects":true,"showParticleSystems":true,"showVisualEffectGraphs":true,"m_FxEnabled":true},"in2DMode":false,"pivot":{"x":-8.935194969177246,"y":2.7879769802093508,"z":30.354232788085939},"rotation":{"x":-0.13618354499340058,"y":-0.6070924401283264,"z":0.10660092532634735,"w":-0.7756457924842835},"size":4.2633867263793949,"orthographic":false}