{"cameraMode":{"drawMode":0,"name":"Shaded","section":"Shading Mode"},"sceneLighting":true,"audioPlay":false,"sceneViewState":{"m_AlwaysRefresh":false,"showFog":true,"showSkybox":true,"showFlares":true,"showImageEffects":true,"showParticleSystems":true,"showVisualEffectGraphs":true,"m_FxEnabled":true},"in2DMode":false,"pivot":{"x":364.2140808105469,"y":373.28057861328127,"z":8.516990661621094},"rotation":{"x":0.030897634103894235,"y":0.015507583506405354,"z":-0.000056008379033301026,"w":0.9995847940444946},"size":50.01969909667969,"orthographic":false}