{"cameraMode":{"drawMode":0,"name":"Shaded","section":"Shading Mode"},"sceneLighting":true,"audioPlay":false,"sceneViewState":{"m_AlwaysRefresh":false,"showFog":true,"showSkybox":true,"showFlares":true,"showImageEffects":true,"showParticleSystems":true,"showVisualEffectGraphs":true,"m_FxEnabled":true},"in2DMode":false,"pivot":{"x":-1.0655180215835572,"y":-22.38075828552246,"z":7.06812047958374},"rotation":{"x":0.11314819008111954,"y":0.024392185732722284,"z":-0.002352849580347538,"w":0.9934598207473755},"size":1.798830509185791,"orthographic":false}