{"cameraMode":{"drawMode":0,"name":"Shaded","section":"Shading Mode"},"sceneLighting":false,"audioPlay":false,"sceneViewState":{"m_AlwaysRefresh":false,"showFog":true,"showSkybox":true,"showFlares":true,"showImageEffects":true,"showParticleSystems":true,"showVisualEffectGraphs":true,"m_FxEnabled":true},"in2DMode":false,"pivot":{"x":-2.450286388397217,"y":2.6386005878448488,"z":149.38082885742188},"rotation":{"x":0.1299513578414917,"y":-0.037905335426330569,"z":0.010660439729690552,"w":0.9920622110366821},"size":0.8660253882408142,"orthographic":false}