{"cameraMode":{"drawMode":0,"name":"Shaded","section":"Shading Mode"},"sceneLighting":true,"audioPlay":false,"sceneViewState":{"m_AlwaysRefresh":false,"showFog":true,"showSkybox":true,"showFlares":true,"showImageEffects":true,"showParticleSystems":true,"showVisualEffectGraphs":true,"m_FxEnabled":true},"in2DMode":false,"pivot":{"x":-8.551183700561524,"y":4.524868011474609,"z":43.581172943115237},"rotation":{"x":-0.04908371344208717,"y":-0.9508967399597168,"z":0.21996699273586274,"w":-0.21256005764007569},"size":1.6230735778808594,"orthographic":false}