{"cameraMode":{"drawMode":0,"name":"Shaded","section":"Shading Mode"},"sceneLighting":false,"audioPlay":false,"sceneViewState":{"m_AlwaysRefresh":false,"showFog":true,"showSkybox":true,"showFlares":true,"showImageEffects":true,"showParticleSystems":true,"showVisualEffectGraphs":true,"m_FxEnabled":true},"in2DMode":false,"pivot":{"x":-2.9447224140167238,"y":10.778621673583985,"z":7.650739669799805},"rotation":{"x":-0.2070787400007248,"y":-0.051159270107746127,"z":0.008739962242543698,"w":-0.9783593416213989},"size":1.5913711786270142,"orthographic":false}