{"cameraMode":{"drawMode":0,"name":"Shaded","section":"Shading Mode"},"sceneLighting":true,"audioPlay":false,"sceneViewState":{"m_AlwaysRefresh":false,"showFog":true,"showSkybox":true,"showFlares":true,"showImageEffects":true,"showParticleSystems":true,"showVisualEffectGraphs":true,"m_FxEnabled":true},"in2DMode":false,"pivot":{"x":-10.339232444763184,"y":4.154855728149414,"z":29.690916061401368},"rotation":{"x":0.18882545828819276,"y":-0.47929123044013979,"z":0.10614894330501557,"w":0.8507016897201538},"size":0.0800027921795845,"orthographic":false}