{"cameraMode":{"drawMode":0,"name":"Shaded","section":"Shading Mode"},"sceneLighting":false,"audioPlay":false,"sceneViewState":{"m_AlwaysRefresh":false,"showFog":true,"showSkybox":true,"showFlares":true,"showImageEffects":true,"showParticleSystems":true,"showVisualEffectGraphs":true,"m_FxEnabled":true},"in2DMode":false,"pivot":{"x":399.0284118652344,"y":439.7985534667969,"z":-460.17242431640627},"rotation":{"x":-0.08716509491205216,"y":0.24170124530792237,"z":-0.020921971648931505,"w":-0.9666092395782471},"size":0.8660253882408142,"orthographic":false}