{"cameraMode":{"drawMode":0,"name":"Shaded","section":"Shading Mode"},"sceneLighting":true,"audioPlay":false,"sceneViewState":{"m_AlwaysRefresh":false,"showFog":true,"showSkybox":true,"showFlares":true,"showImageEffects":true,"showParticleSystems":true,"showVisualEffectGraphs":true,"m_FxEnabled":true},"in2DMode":false,"pivot":{"x":-0.7189444899559021,"y":-22.08207130432129,"z":23.3050479888916},"rotation":{"x":0.0033080417197197677,"y":-0.0017298469319939614,"z":0.00022034601715859026,"w":1.0001814365386963},"size":9.12988567352295,"orthographic":false}