{"cameraMode":{"drawMode":0,"name":"Shaded","section":"Shading Mode"},"sceneLighting":true,"audioPlay":false,"sceneViewState":{"m_AlwaysRefresh":false,"showFog":true,"showSkybox":true,"showFlares":true,"showImageEffects":true,"showParticleSystems":true,"showVisualEffectGraphs":true,"m_FxEnabled":true},"in2DMode":false,"pivot":{"x":169.33828735351563,"y":196.86048889160157,"z":42.816917419433597},"rotation":{"x":0.18887344002723695,"y":0.03419967740774155,"z":0.0028426656499505045,"w":0.9819743633270264},"size":322.14654541015627,"orthographic":false}