{"cameraMode":{"drawMode":0,"name":"Shaded","section":"Shading Mode"},"sceneLighting":false,"audioPlay":false,"sceneViewState":{"m_AlwaysRefresh":false,"showFog":true,"showSkybox":true,"showFlares":true,"showImageEffects":true,"showParticleSystems":true,"showVisualEffectGraphs":true,"m_FxEnabled":true},"in2DMode":false,"pivot":{"x":0.004750791937112808,"y":1.833836555480957,"z":9.230072021484375},"rotation":{"x":-0.07169869542121887,"y":-0.11171429604291916,"z":-0.007255897857248783,"w":0.9924929738044739},"size":0.8660253882408142,"orthographic":false}