{"cameraMode":{"drawMode":0,"name":"Shaded","section":"Shading Mode"},"sceneLighting":true,"audioPlay":false,"sceneViewState":{"m_AlwaysRefresh":false,"showFog":true,"showSkybox":true,"showFlares":true,"showImageEffects":true,"showParticleSystems":true,"showVisualEffectGraphs":true,"m_FxEnabled":true},"in2DMode":false,"pivot":{"x":-13.268701553344727,"y":1.1274961233139039,"z":41.63606643676758},"rotation":{"x":-0.10658399015665055,"y":0.0633745789527893,"z":-0.006764872465282679,"w":-0.9922875165939331},"size":6.805028438568115,"orthographic":false}